{
  "version": 2,
  "builds": [
    {
      "src": "server/index.js",
      "use": "@vercel/node"
    },
    {
      "src": "client/package.json",
      "use": "@vercel/static-build",
      "config": {
        "distDir": "build"
      }
    }
  ],
  "routes": [
    {
      "src": "/api/(.*)",
      "dest": "/server/index.js"
    },
    {
      "src": "/(.*)",
      "dest": "/client/$1"
    }
  ],
  "env": {
    "NODE_ENV": "production"
  },
  "functions": {
    "server/index.js": {
      "maxDuration": 30
    }
  }
}
